{
  "best_model": "rf",
  "valid_metrics": {
    "RMSE": 3.7943751402076997,
    "MAE": 2.213086551976485,
    "R2": 0.9777904028475985
  }
}