{
  "best_model": "rf",
  "valid_metrics": {
    "RMSE": 4.368965386306832,
    "MAE": 2.5552396078720716,
    "R2": 0.9705546068989075
  }
}